Workbook

Sheet 旧
A1: A | B1: B | C1: C | D1: D | E1: E | F1: F
B2: key_retail.bin | C2: 73A20017-FEF85C05 | D2: Head:1D164B375B72A55728 | E2: CRC32:C6408C16 | F2: =IFERROR(INDEX(测试!H:H,MATCH(E2,测试!A:A,0)),1) -> 1
A3: Animal Crossing\Cards - Animal Crossing x Sanrio Series | B3: [AC] XS1 - Rilla.bin | C3: 03740101-03190502 | D3: Head:0487BCB77A764C80C0 | E3: CRC32:6F8F134D | F3: =IFERROR(INDEX(测试!H:H,MATCH(E3,测试!A:A,0)),1) -> -
A4: Animal Crossing\Cards - Animal Crossing x Sanrio Series | B4: [AC] XS2 - Marty.bin | C4: 028F0101-031A0502 | D4: Head:044EBB79A22D4C8043 | E4: CRC32:CB78A418 | F4: =IFERROR(INDEX(测试!H:H,MATCH(E4,测试!A:A,0)),1) -> -
A5: Animal Crossing\Cards - Animal Crossing x Sanrio Series | B5: [AC] XS3 - Étoile.bin | C5: 04D30101-031B0502 | D5: Head:049D1C0DDA774C8061 | E5: CRC32:369BAF01 | F5: =IFERROR(INDEX(测试!H:H,MATCH(E5,测试!A:A,0)),1) -> -
A6: Animal Crossing\Cards - Animal Crossing x Sanrio Series | B6: [AC] XS4 - Chai.bin | C6: 032E0101-031C0502 | D6: Head:042C3898BA774C8100 | E6: CRC32:77853474 | F6: =IFERROR(INDEX(测试!H:H,MATCH(E6,测试!A:A,0)),1) -> -
A7: Animal Crossing\Cards - Animal Crossing x Sanrio Series | B7: [AC] XS5 - Chelsea.bin | C7: 02E00101-031D0502 | D7: Head:0455CD147A764C81C1 | E7: CRC32:402815D3 | F7: =IFERROR(INDEX(测试!H:H,MATCH(E7,测试!A:A,0)),1) -> -
A8: Animal Crossing\Cards - Animal Crossing x Sanrio Series | B8: [AC] XS6 - Toby.bin | C8: 04A80101-031E0502 | D8: Head:04D6DC8632314C80CF | E8: CRC32:691B0111 | F8: =IFERROR(INDEX(测试!H:H,MATCH(E8,测试!A:A,0)),1) -> -
A9: Animal Crossing\Cards - Promo - Amiibo Festival | B9: [AC] AF1 - Stitches.bin | C9: 02820001-01D60502 | D9: Head:040A78FE22EE498005 | E9: CRC32:3FDD5E34 | F9: =IFERROR(INDEX(测试!H:H,MATCH(E9,测试!A:A,0)),1) -> 文件名错误
A10: Animal Crossing\Cards - Promo - Amiibo Festival | B10: [AC] AF2 - Rosie.bin | C10: 025F0001-01D70502 | D10: Head:04504E9262EF498145 | E10: CRC32:E5D93B4C | F10: =IFERROR(INDEX(测试!H:H,MATCH(E10,测试!A:A,0)),1) -> 文件名错误
A11: Animal Crossing\Cards - Promo - Amiibo Festival | B11: [AC] AF3 - Goldie.bin | C11: 02EA0001-01D50502 | D11: Head:04FD691882EF4980A4 | E11: CRC32:14B6B226 | F11: =IFERROR(INDEX(测试!H:H,MATCH(E11,测试!A:A,0)),1) -> 文件名错误
A12: Animal Crossing\Cards - Promo - Character Parfait | B12: [AC] CP1 - Isabelle.bin | C12: 01810001-01D40502 | D12: Head:04D69CC652BF488025 | E12: CRC32:F880D6C2 | F12: =IFERROR(INDEX(测试!H:H,MATCH(E12,测试!A:A,0)),1) -> 文件名错误
A13: Animal Crossing\Cards - Promo - Character Parfait | B13: [AC] CP2 - K.K. Slider.bin | C13: 01820001-01D80502 | D13: Head:04F3354AF2394A8001 | E13: CRC32:8F34FB80 | F13: =IFERROR(INDEX(测试!H:H,MATCH(E13,测试!A:A,0)),1) -> 文件名错误
A14: Animal Crossing\Cards - Series 1 | B14: [AC] 001 - Isabelle.bin | C14: 01810001-00440502 | D14: Head:04E892F65A574980C4 | E14: CRC32:2BDAAB9D | F14: =IFERROR(INDEX(测试!H:H,MATCH(E14,测试!A:A,0)),1) -> -
... A841: Super Smash Bros | B841: [SSB] 75 - Snake.bin | C841: 37800000-038A0002 | D841: Head:0441493ABB5D80 | E841: CRC32:675F0209 | F841: =IFERROR(INDEX(测试!H:H,MATCH(E841,测试!A:A,0)),1) -> 1
A842: Super Smash Bros | B842: [SSB] 76 - Ivysaur.bin | C842: 19020000-03830002 | D842: Head:04555F6A295E81 | E842: CRC32:FD74CB45
A843: Super Smash Bros | B843: [SSB] 77 - Squirtle.bin | C843: 19070000-03840002 | D843: Head:0414A25A295E80 | E843: CRC32:05E4EE38 | F843: =IFERROR(INDEX(测试!H:H,MATCH(E843,测试!A:A,0)),1) -> 1
A844: Super Smash Bros | B844: [SSB] 78 - Simon.bin | C844: 37C00000-038B0002 | D844: Head:047AAD92DA6480 | E844: CRC32:300240A4 | F844: =IFERROR(INDEX(测试!H:H,MATCH(E844,测试!A:A,0)),1) -> 1
A845: Super Smash Bros | B845: [SSB] 79 - Incineroar.bin | C845: 1BD70000-03860002 | D845: Head:041AD02A146581 | E845: CRC32:5930A852 | F845: =IFERROR(INDEX(测试!H:H,MATCH(E845,测试!A:A,0)),1) -> 1
A846: Super Smash Bros | B846: [SSB] 80 - Chrom.bin | C846: 21080000-03880002 | D846: Head:04A5EC2AAC6580 | E846: CRC32:CFA947F2 | F846: =IFERROR(INDEX(测试!H:H,MATCH(E846,测试!A:A,0)),1) -> 1
A847: Shovel Knight | B847: [SN] 02 - Plague Knight.bin | C847: 35C10000-036C0A02 | D847: Head:041BB1C2E84C80 | E847: CRC32:D631CD52 | F847: =IFERROR(INDEX(测试!H:H,MATCH(E847,测试!A:A,0)),1) -> -
A848: Shovel Knight | B848: [SN] 03 - Specter Knight.bin | C848: 35C20000-036D0A02 | D848: Head:045DA122EA4C81 | E848: CRC32:E78BACA3 | F848: =IFERROR(INDEX(测试!H:H,MATCH(E848,测试!A:A,0)),1) -> -
A849: Shovel Knight | B849: [SN] 04 - King Knight.bin | C849: 35C30000-036E0A02 | D849: Head:04434DC2E94C81 | E849: CRC32:2DA3DC18 | F849: =IFERROR(INDEX(测试!H:H,MATCH(E849,测试!A:A,0)),1) -> -
A850: Shovel Knight | B850: [SN] 05 - Shovel Knight (Gold Edition).bin | C850: 35C00000-03920A02 | D850: Head:04E1003AB75D84 | E850: CRC32:C623062A | F850: =IFERROR(INDEX(测试!H:H,MATCH(E850,测试!A:A,0)),1) -> -
A851: Jikkyou Powerful Pro Baseball | B851: [JPPB] 01 - Pawapuro.bin | C851: 38000001-03931702 | D851: Head:042367B2BA5D80 | E851: CRC32:364E5729 | F851: =IFERROR(INDEX(测试!H:H,MATCH(E851,测试!A:A,0)),1) -> -
A852: Jikkyou Powerful Pro Baseball | B852: [JPPB] 02 - Ikari.bin | C852: 38010001-03941702 | D852: Head:040886B2BA5D80 | E852: CRC32:C191D44D | F852: =IFERROR(INDEX(测试!H:H,MATCH(E852,测试!A:A,0)),1) -> -
A853: Jikkyou Powerful Pro Baseball | B853: [JPPB] 03 - Yabe.bin | C853: 38040001-03971702 | D853: Head:044E69B2BA5D80 | E853: CRC32:5430E840 | F853: =IFERROR(INDEX(测试!H:H,MATCH(E853,测试!A:A,0)),1) -> 文件名错误
A854: Jikkyou Powerful Pro Baseball | B854: [JPPB] 04 - Hayakawa.bin | C854: 38030001-03961702 | D854: Head:045F70B2BA5D80 | E854: CRC32:0B832EB3 | F854: =IFERROR(INDEX(测试!H:H,MATCH(E854,测试!A:A,0)),1) -> -
... A964: Xenoblade Chronicles 3 | B964: [XBC] 02 - Mio.bin | C964: 22440000-043E1B02 | D964: Head:0444285A551291 | E964: CRC32:75DB7EEA | F964: =IFERROR(INDEX(测试!H:H,MATCH(E964,测试!A:A,0)),1) -> 1

Sheet 新
A1: A | B1: B | C1: C | D1: D | E1: E | F1: F
A2: Powersaves | B2: [AC] 001 - Isabelle [7-11 DLC Furniture].bin | C2: 01810001-00440502 | D2: Head:04E8925A574980 | E2: CRC32:EC1263CE | F2: =IFERROR(INDEX(测试!H:H,MATCH(E2,测试!A:A,0)),1) -> -
A3: Powersaves | B3: [AC] 001 - Isabelle [Battle Between Giants Contest Furniture].bin | C3: 01810001-00440502 | D3: Head:04826372574981 | E3: CRC32:6AC6661D | F3: =IFERROR(INDEX(测试!H:H,MATCH(E3,测试!A:A,0)),1) -> -
A4: Powersaves | B4: [AC] 001 - Isabelle [Campus DLC Furniture].bin | C4: 01810001-00440502 | D4: Head:04826372574981 | E4: CRC32:2F3F44F0 | F4: =IFERROR(INDEX(测试!H:H,MATCH(E4,测试!A:A,0)),1) -> -
A5: Powersaves | B5: [AC] 001 - Isabelle [Monster Hunter DLC Furniture].bin | C5: 01810001-00440502 | D5: Head:04826372574981 | E5: CRC32:877E0C79 | F5: =IFERROR(INDEX(测试!H:H,MATCH(E5,测试!A:A,0)),1) -> -
A6: Powersaves | B6: [AC] 001 - Isabelle [Sweetest Home Contest Furniture].bin | C6: 01810001-00440502 | D6: Head:04826372574981 | E6: CRC32:B5F642DD | F6: =IFERROR(INDEX(测试!H:H,MATCH(E6,测试!A:A,0)),1) -> -
A7: Powersaves | B7: [AC] 001 - Isabelle [Video Game-Related Items DLC Furniture].bin | C7: 01810001-00440502 | D7: Head:04826372574981 | E7: CRC32:57138A8F | F7: =IFERROR(INDEX(测试!H:H,MATCH(E7,测试!A:A,0)),1) -> -
A8: Powersaves | B8: [MSS] 01 - Mario (Soccer) [Unlocked Superstar].bin | C8: 09C00101-02690E02 | D8: Head:04D29AC23C4D80 | E8: CRC32:D68A6629 | F8: =IFERROR(INDEX(测试!H:H,MATCH(E8,测试!A:A,0)),1) -> -
A9: Powersaves | B9: [MSS] 02 - Mario (Baseball) [Unlocked Superstar].bin | C9: 09C00201-026A0E02 | D9: Head:04B1315A764C80 | E9: CRC32:C58FBFF0 | F9: =IFERROR(INDEX(测试!H:H,MATCH(E9,测试!A:A,0)),1) -> -
A10: Powersaves | B10: [MSS] 03 - Mario (Tennis) [Unlocked Superstar].bin | C10: 09C00301-026B0E02 | D10: Head:042ED95A764C81 | E10: CRC32:A3B40530 | F10: =IFERROR(INDEX(测试!H:H,MATCH(E10,测试!A:A,0)),1) -> -
A11: Powersaves | B11: [MSS] 04 - Mario (Baseball) [Unlocked Superstar].bin | C11: 09C00401-026C0E02 | D11: Head:04A1D1C23C4D80 | E11: CRC32:180627E8 | F11: =IFERROR(INDEX(测试!H:H,MATCH(E11,测试!A:A,0)),1) -> 文件名错误
A12: Powersaves | B12: [MSS] 05 - Mario (Horse Racing) [Unlocked Superstar].bin | C12: 09C00501-026D0E02 | D12: Head:04E395623C4D80 | E12: CRC32:BF26A469 | F12: =IFERROR(INDEX(测试!H:H,MATCH(E12,测试!A:A,0)),1) -> -
A13: Powersaves | B13: [MSS] 06 - Luigi (Soccer) [Unlocked Superstar].bin | C13: 09C10101-026E0E02 | D13: Head:04932D12734C80 | E13: CRC32:7F26A8ED | F13: =IFERROR(INDEX(测试!H:H,MATCH(E13,测试!A:A,0)),1) -> -
... A1041: ~Key Files | B1041: key_retail.bin | C1041: - | D1041: Head: | E1041: CRC32:C6408C16 | F1041: =IFERROR(INDEX(测试!H:H,MATCH(E1041,测试!A:A,0)),1) -> 1

Sheet 转换
A1: 规范后文件夹 | B1: 官方文件夹 | C1: 对比
A2: 0 | B2: 0 | C2: =IF(A2=B2,"相同","不相同") -> 相同 | D2: =COUNTIF(新!A:A,B2) -> 0
A3: Animal Crossing\Cards - Animal Crossing x Sanrio Series | B3: Animal Crossing\Cards\Animal Crossing x Sanrio Series | C3: =IF(A3=B3,"相同","不相同") -> 不相同 | D3: =COUNTIF(新!A:A,B3) -> 6
A4: Animal Crossing\Cards - Promo - Amiibo Festival | B4: Animal Crossing\Cards\Promo | C4: =IF(A4=B4,"相同","不相同") -> 不相同 | D4: =COUNTIF(新!A:A,B4) -> 5
A5: Animal Crossing\Cards - Promo - Character Parfait | B5: Animal Crossing\Cards\Promo | C5: =IF(A5=B5,"相同","不相同") -> 不相同 | D5: =COUNTIF(新!A:A,B5) -> 5
A6: Animal Crossing\Cards - Series 1 | B6: Animal Crossing\Cards\Series 1 | C6: =IF(A6=B6,"相同","不相同") -> 不相同 | D6: =COUNTIF(新!A:A,B6) -> 100
A7: Animal Crossing\Cards - Series 2 | B7: Animal Crossing\Cards\Series 2 | C7: =IF(A7=B7,"相同","不相同") -> 不相同 | D7: =COUNTIF(新!A:A,B7) -> 100
A8: Animal Crossing\Cards - Series 3 | B8: Animal Crossing\Cards\Series 3 | C8: =IF(A8=B8,"相同","不相同") -> 不相同 | D8: =COUNTIF(新!A:A,B8) -> 100
A9: Animal Crossing\Cards - Series 4 | B9: Animal Crossing\Cards\Series 4 | C9: =IF(A9=B9,"相同","不相同") -> 不相同 | D9: =COUNTIF(新!A:A,B9) -> 100
A10: Animal Crossing\Cards - Welcome amiibo Series | B10: Animal Crossing\Cards\Welcome amiibo Series | C10: =IF(A10=B10,"相同","不相同") -> 不相同 | D10: =COUNTIF(新!A:A,B10) -> 50
A11: Animal Crossing\Figures | B11: Animal Crossing\Figures | C11: =IF(A11=B11,"相同","不相同") -> 相同 | D11: =COUNTIF(新!A:A,B11) -> 16
A12: BoxBoy! | B12: BoxBoy! | C12: =IF(A12=B12,"相同","不相同") -> 相同 | D12: =COUNTIF(新!A:A,B12) -> 1
A13: Chibi-Robo | B13: Chibi-Robo | C13: =IF(A13=B13,"相同","不相同") -> 相同 | D13: =COUNTIF(新!A:A,B13) -> 0
A14: Fire Emblem | B14: Fire Emblem | C14: =IF(A14=B14,"相同","不相同") -> 相同 | D14: =COUNTIF(新!A:A,B14) -> 4
... A37: Spoofs\Fire Emblem | B37: Spoofs | C37: =IF(A37=B37,"相同","不相同") -> 不相同 | D37: =COUNTIF(新!A:A,B37) -> 0
C38: =IF(A38=B38,"相同","不相同") -> 相同 | D38: =COUNTIF(新!A:A,B38) -> 0
C39: =IF(A39=B39,"相同","不相同") -> 相同 | D39: =COUNTIF(新!A:A,B39) -> 0
A40: Mario\Super Mario Cereal | B40: Mario\Super Mario Cereal | C40: =IF(A40=B40,"相同","不相同") -> 相同 | D40: =COUNTIF(新!A:A,B40) -> 1
A41: Detective Pikachu | B41: Detective Pikachu | C41: =IF(A41=B41,"相同","不相同") -> 相同 | D41: =COUNTIF(新!A:A,B41) -> 1
A42: Mega Man | B42: Mega Man | C42: =IF(A42=B42,"相同","不相同") -> 相同 | D42: =COUNTIF(新!A:A,B42) -> 1
A43: Dark Souls | B43: Dark Souls | C43: =IF(A43=B43,"相同","不相同") -> 相同 | D43: =COUNTIF(新!A:A,B43) -> 1
A44: Diablo | B44: Diablo | C44: =IF(A44=B44,"相同","不相同") -> 相同 | D44: =COUNTIF(新!A:A,B44) -> 1
A45: The Legend of Zelda\The Legend of Zelda Link's Awakening | B45: The Legend of Zelda\The Legend of Zelda Link's Awakening | C45: =IF(A45=B45,"相同","不相同") -> 相同 | D45: =COUNTIF(新!A:A,B45) -> 1
A46: Jikkyou Powerful Pro Baseball | B46: Jikkyou Powerful Pro Baseball | C46: =IF(A46=B46,"相同","不相同") -> 相同 | D46: =COUNTIF(新!A:A,B46) -> 6
A47: Monster Hunter Rise | B47: Monster Hunter Rise | C47: =IF(A47=B47,"相同","不相同") -> 相同 | D47: =COUNTIF(新!A:A,B47) -> 6
A48: Mario\Super Nintendo World Power-Up Bands | B48: Mario\Super Nintendo World Power-Up Bands | C48: =IF(A48=B48,"相同","不相同") -> 相同 | D48: =COUNTIF(新!A:A,B48) -> 9
A49: The Legend of Zelda\The Legend of Zelda Skyward Sword | B49: The Legend of Zelda\The Legend of Zelda Skyward Sword | C49: =IF(A49=B49,"相同","不相同") -> 相同 | D49: =COUNTIF(新!A:A,B49) -> 1
A50: Yu-Gi-Oh! | B50: Yu-Gi-Oh! | C50: =IF(A50=B50,"相同","不相同") -> 相同 | D50: =COUNTIF(新!A:A,B50) -> 0
A51: Animal Crossing\Cards\Series 5 | B51: Animal Crossing\Cards\Series 5 | C51: =IF(A51=B51,"相同","不相同") -> 相同 | D51: =COUNTIF(新!A:A,B51) -> 48
C52: =IF(A52=B52,"相同","不相同") -> 相同 | D52: =COUNTIF(新!A:A,B52) -> 0

Sheet 测试
A1: 新 | D1: 旧 | F1: 校验
A2: CRC32 | B2: 文件夹 | C2: 文件名 | D2: 文件夹 | E2: 文件名 | F2: 目录 | G2: 文件 | H2: 汇总
A3: =新!E2 -> CRC32:EC1263CE | B3: =新!A2 -> Powersaves | C3: =新!B2 -> [AC] 001 - Isabelle [7-11 DLC Furniture].bin | D3: =IFERROR(INDEX(旧!A:A,MATCH(测试!A3,旧!E:E,0)),0) -> Powersaves\Animal Crossing\Cards - Series 1 | E3: =IFERROR(INDEX(旧!B:B,MATCH(测试!A3,旧!E:E,0)),0) -> [AC] 001 - Isabelle [7-11 DLC Furniture].bin | F3: =IFERROR(IF(B3=INDEX(转换!B:B,MATCH(D3,转换!A:A,0)),0,1),1) -> 0 | G3: =IF(E3=C3,0,1) -> 0 | H3: =_xlfn.IFS(F3+G3=0,"-",F3+G3=1,"文件名错误",F3+G3=2,"无此文件") -> -
A4: =新!E3 -> CRC32:6AC6661D | B4: =新!A3 -> Powersaves | C4: =新!B3 -> [AC] 001 - Isabelle [Battle Between Giants Contest Furniture].bin | D4: =IFERROR(INDEX(旧!A:A,MATCH(测试!A4,旧!E:E,0)),0) -> Powersaves\Animal Crossing\Cards - Series 1 | E4: =IFERROR(INDEX(旧!B:B,MATCH(测试!A4,旧!E:E,0)),0) -> [AC] 001 - Isabelle [Battle Between Giants Contest Furniture].bin | F4: =IFERROR(IF(B4=INDEX(转换!B:B,MATCH(D4,转换!A:A,0)),0,1),1) -> 0 | G4: =IF(E4=C4,0,1) -> 0 | H4: =_xlfn.IFS(F4+G4=0,"-",F4+G4=1,"文件名错误",F4+G4=2,"无此文件") -> -
A5: =新!E4 -> CRC32:2F3F44F0 | B5: =新!A4 -> Powersaves | C5: =新!B4 -> [AC] 001 - Isabelle [Campus DLC Furniture].bin | D5: =IFERROR(INDEX(旧!A:A,MATCH(测试!A5,旧!E:E,0)),0) -> Powersaves\Animal Crossing\Cards - Series 1 | E5: =IFERROR(INDEX(旧!B:B,MATCH(测试!A5,旧!E:E,0)),0) -> [AC] 001 - Isabelle [Campus DLC Furniture].bin | F5: =IFERROR(IF(B5=INDEX(转换!B:B,MATCH(D5,转换!A:A,0)),0,1),1) -> 0 | G5: =IF(E5=C5,0,1) -> 0 | H5: =_xlfn.IFS(F5+G5=0,"-",F5+G5=1,"文件名错误",F5+G5=2,"无此文件") -> -
A6: =新!E5 -> CRC32:877E0C79 | B6: =新!A5 -> Powersaves | C6: =新!B5 -> [AC] 001 - Isabelle [Monster Hunter DLC Furniture].bin | D6: =IFERROR(INDEX(旧!A:A,MATCH(测试!A6,旧!E:E,0)),0) -> Powersaves\Animal Crossing\Cards - Series 1 | E6: =IFERROR(INDEX(旧!B:B,MATCH(测试!A6,旧!E:E,0)),0) -> [AC] 001 - Isabelle [Monster Hunter DLC Furniture].bin | F6: =IFERROR(IF(B6=INDEX(转换!B:B,MATCH(D6,转换!A:A,0)),0,1),1) -> 0 | G6: =IF(E6=C6,0,1) -> 0 | H6: =_xlfn.IFS(F6+G6=0,"-",F6+G6=1,"文件名错误",F6+G6=2,"无此文件") -> -
A7: =新!E6 -> CRC32:B5F642DD | B7: =新!A6 -> Powersaves | C7: =新!B6 -> [AC] 001 - Isabelle [Sweetest Home Contest Furniture].bin | D7: =IFERROR(INDEX(旧!A:A,MATCH(测试!A7,旧!E:E,0)),0) -> Powersaves\Animal Crossing\Cards - Series 1 | E7: =IFERROR(INDEX(旧!B:B,MATCH(测试!A7,旧!E:E,0)),0) -> [AC] 001 - Isabelle [Sweetest Home Contest Furniture].bin | F7: =IFERROR(IF(B7=INDEX(转换!B:B,MATCH(D7,转换!A:A,0)),0,1),1) -> 0 | G7: =IF(E7=C7,0,1) -> 0 | H7: =_xlfn.IFS(F7+G7=0,"-",F7+G7=1,"文件名错误",F7+G7=2,"无此文件") -> -
A8: =新!E7 -> CRC32:57138A8F | B8: =新!A7 -> Powersaves | C8: =新!B7 -> [AC] 001 - Isabelle [Video Game-Related Items DLC Furniture].bin | D8: =IFERROR(INDEX(旧!A:A,MATCH(测试!A8,旧!E:E,0)),0) -> Powersaves\Animal Crossing\Cards - Series 1 | E8: =IFERROR(INDEX(旧!B:B,MATCH(测试!A8,旧!E:E,0)),0) -> [AC] 001 - Isabelle [Video Game-Related Items DLC Furniture].bin | F8: =IFERROR(IF(B8=INDEX(转换!B:B,MATCH(D8,转换!A:A,0)),0,1),1) -> 0 | G8: =IF(E8=C8,0,1) -> 0 | H8: =_xlfn.IFS(F8+G8=0,"-",F8+G8=1,"文件名错误",F8+G8=2,"无此文件") -> -
A9: =新!E8 -> CRC32:D68A6629 | B9: =新!A8 -> Powersaves | C9: =新!B8 -> [MSS] 01 - Mario (Soccer) [Unlocked Superstar].bin | D9: =IFERROR(INDEX(旧!A:A,MATCH(测试!A9,旧!E:E,0)),0) -> Powersaves\Mario\Mario Sports Superstars | E9: =IFERROR(INDEX(旧!B:B,MATCH(测试!A9,旧!E:E,0)),0) -> [MSS] 01 - Mario (Soccer) [Unlocked Superstar].bin | F9: =IFERROR(IF(B9=INDEX(转换!B:B,MATCH(D9,转换!A:A,0)),0,1),1) -> 0 | G9: =IF(E9=C9,0,1) -> 0 | H9: =_xlfn.IFS(F9+G9=0,"-",F9+G9=1,"文件名错误",F9+G9=2,"无此文件") -> -
A10: =新!E9 -> CRC32:C58FBFF0 | B10: =新!A9 -> Powersaves | C10: =新!B9 -> [MSS] 02 - Mario (Baseball) [Unlocked Superstar].bin | D10: =IFERROR(INDEX(旧!A:A,MATCH(测试!A10,旧!E:E,0)),0) -> Powersaves\Mario\Mario Sports Superstars | E10: =IFERROR(INDEX(旧!B:B,MATCH(测试!A10,旧!E:E,0)),0) -> [MSS] 02 - Mario (Baseball) [Unlocked Superstar].bin | F10: =IFERROR(IF(B10=INDEX(转换!B:B,MATCH(D10,转换!A:A,0)),0,1),1) -> 0 | G10: =IF(E10=C10,0,1) -> 0 | H10: =_xlfn.IFS(F10+G10=0,"-",F10+G10=1,"文件名错误",F10+G10=2,"无此文件") -> -
A11: =新!E10 -> CRC32:A3B40530 | B11: =新!A10 -> Powersaves | C11: =新!B10 -> [MSS] 03 - Mario (Tennis) [Unlocked Superstar].bin | D11: =IFERROR(INDEX(旧!A:A,MATCH(测试!A11,旧!E:E,0)),0) -> Powersaves\Mario\Mario Sports Superstars | E11: =IFERROR(INDEX(旧!B:B,MATCH(测试!A11,旧!E:E,0)),0) -> [MSS] 03 - Mario (Tennis) [Unlocked Superstar].bin | F11: =IFERROR(IF(B11=INDEX(转换!B:B,MATCH(D11,转换!A:A,0)),0,1),1) -> 0 | G11: =IF(E11=C11,0,1) -> 0 | H11: =_xlfn.IFS(F11+G11=0,"-",F11+G11=1,"文件名错误",F11+G11=2,"无此文件") -> -
A12: =新!E11 -> CRC32:180627E8 | B12: =新!A11 -> Powersaves | C12: =新!B11 -> [MSS] 04 - Mario (Baseball) [Unlocked Superstar].bin | D12: =IFERROR(INDEX(旧!A:A,MATCH(测试!A12,旧!E:E,0)),0) -> Powersaves\Mario\Mario Sports Superstars | E12: =IFERROR(INDEX(旧!B:B,MATCH(测试!A12,旧!E:E,0)),0) -> [MSS] 04 - Mario (Golf) [Unlocked Superstar].bin | F12: =IFERROR(IF(B12=INDEX(转换!B:B,MATCH(D12,转换!A:A,0)),0,1),1) -> 0 | G12: =IF(E12=C12,0,1) -> 1 | H12: =_xlfn.IFS(F12+G12=0,"-",F12+G12=1,"文件名错误",F12+G12=2,"无此文件") -> 文件名错误
A13: =新!E12 -> CRC32:BF26A469 | B13: =新!A12 -> Powersaves | C13: =新!B12 -> [MSS] 05 - Mario (Horse Racing) [Unlocked Superstar].bin | D13: =IFERROR(INDEX(旧!A:A,MATCH(测试!A13,旧!E:E,0)),0) -> Powersaves\Mario\Mario Sports Superstars | E13: =IFERROR(INDEX(旧!B:B,MATCH(测试!A13,旧!E:E,0)),0) -> [MSS] 05 - Mario (Horse Racing) [Unlocked Superstar].bin | F13: =IFERROR(IF(B13=INDEX(转换!B:B,MATCH(D13,转换!A:A,0)),0,1),1) -> 0 | G13: =IF(E13=C13,0,1) -> 0 | H13: =_xlfn.IFS(F13+G13=0,"-",F13+G13=1,"文件名错误",F13+G13=2,"无此文件") -> -
A14: =新!E13 -> CRC32:7F26A8ED | B14: =新!A13 -> Powersaves | C14: =新!B13 -> [MSS] 06 - Luigi (Soccer) [Unlocked Superstar].bin | D14: =IFERROR(INDEX(旧!A:A,MATCH(测试!A14,旧!E:E,0)),0) -> Powersaves\Mario\Mario Sports Superstars | E14: =IFERROR(INDEX(旧!B:B,MATCH(测试!A14,旧!E:E,0)),0) -> [MSS] 06 - Luigi (Soccer) [Unlocked Superstar].bin | F14: =IFERROR(IF(B14=INDEX(转换!B:B,MATCH(D14,转换!A:A,0)),0,1),1) -> 0 | G14: =IF(E14=C14,0,1) -> 0 | H14: =_xlfn.IFS(F14+G14=0,"-",F14+G14=1,"文件名错误",F14+G14=2,"无此文件") -> -
... A965: =新!E964 -> CRC32:4D2C4F6F | B965: =新!A964 -> Super Smash Bros | C965: =新!B964 -> [SSB] 59 - Corrin.bin | D965: =IFERROR(INDEX(旧!A:A,MATCH(测试!A965,旧!E:E,0)),0) -> Super Smash Bros | E965: =IFERROR(INDEX(旧!B:B,MATCH(测试!A965,旧!E:E,0)),0) -> [SSB] 59 - Corrin.bin | F965: =IFERROR(IF(B965=INDEX(转换!B:B,MATCH(D965,转换!A:A,0)),0,1),1) -> 0 | G965: =IF(E965=C965,0,1) -> 0 | H965: =_xlfn.IFS(F965+G965=0,"-",F965+G965=1,"文件名错误",F965+G965=2,"无此文件") -> -

Sheet 结果
B1: 计算值 | C1: 修正值 | D1: 需要改正
A2: 旧 | B2: =SUM(旧!F:F) -> 75 | C2: 0 | D2: =B2-C2 -> 75
A3: 新 | B3: =SUM(新!F:F) -> 77 | C3: 0 | D3: =B3-C3 -> 77
A4: 测试 | B4: =SUM(测试!H:H) -> 0 | C4: 0 | D4: =B4-C4 -> 0
